tweet_id,rating_numerator,stage,breed,retweet_count,favorite_count
892177421306343426,13,,Chihuahua,6514,33819
891815181378084864,12,,Chihuahua,4328,25461
891689557279858688,13,,Labrador_retriever,8964,42908
891327558926688256,12,,basset,9774,41048
891087950875897856,13,,Chesapeake_Bay_retriever,3261,20562
890971913173991426,13,,Appenzeller,2158,12041
890729181411237888,13,,Pomeranian,16716,56848
890609185150312448,13,,Irish_terrier,4429,28226
890240255349198849,14,doggo,Pembroke,7711,32467
890006608113172480,13,,Samoyed,7624,31166
889880896479866881,13,,French_bulldog,5156,28268
889665388333682689,13,puppo,Pembroke,8538,38818
889638837579907072,12,,French_bulldog,4735,27672
889531135344209921,13,puppo,golden_retriever,2321,15359
889278841981685760,13,,whippet,5637,25652
888917238123831296,12,,golden_retriever,4709,29611
888804989199671297,13,,golden_retriever,4559,26080
888554962724278272,13,,Siberian_husky,3732,20290
888078434458587136,12,,French_bulldog,3653,22201
887705289381826560,13,,basset,5609,30779
887473957103951883,13,,Pembroke,18781,69871
887343217045368832,13,,Mexican_hairless,10737,34222
887101392804085760,12,,Samoyed,6167,31061
886983233522544640,13,,Chihuahua,8084,35859
886736880519319552,13,,kuvasz,3443,12306
886366144734445568,12,pupper,French_bulldog,3316,21524
886258384151887873,13,,pug,6523,28469
885984800019947520,12,,Blenheim_spaniel,7097,33382
885528943205470208,13,,pug,6683,36689
885518971528720385,14,,,3899,20788
885167619883638784,13,,malamute,4556,22367
884925521741709313,12,,Italian_greyhound,16439,68152
884876753390489601,13,,chow,6096,28514
884562892145688576,13,,pug,5100,24765
884441805382717440,14,,Pembroke,5856,27478
884247878851493888,13,,,21298,74423
884162670584377345,12,doggo,German_shepherd,3128,20771
883838122936631299,12,,Doberman,3586,22349
883482846933004288,14,,golden_retriever,10407,46860
883360690899218434,13,floofer,chow,3825,22986
883117836046086144,13,,golden_retriever,6949,37914
882992080364220416,13,,Eskimo_dog,4122,24445
882762694511734784,12,pupper,Labrador_retriever,5134,28903
882627270321602560,13,,Pembroke,6342,28382
882268110199369728,13,,golden_retriever,12118,45880
882045870035918850,13,,golden_retriever,5203,29900
881906580714921986,12,,Weimaraner,3533,24773
881666595344535552,13,,Saluki,11099,51522
881536004380872706,14,pupper,Samoyed,16570,50199
880872448815771648,12,,Pembroke,3989,21734
880465832366813184,12,,golden_retriever,6546,29075
880221127280381952,12,,Chihuahua,4436,27640
880095782870896641,11,,miniature_pinscher,4533,28150
879862464715927552,13,,basset,3642,22667
879492040517615616,12,,German_short-haired_pointer,3323,23822
879415818425184262,13,,English_springer,45849,107956
879376492567855104,12,,Labrador_retriever,3261,17099
879008229531029506,13,,vizsla,2812,19317
878776093423087618,13,puppo,Italian_greyhound,4319,19763
878604707211726852,13,,,7582,30931
878281511006478336,13,,basset,1349,7913
878057613040115712,14,,French_bulldog,7181,42876
877736472329191424,13,,Chesapeake_Bay_retriever,17300,71144
877556246731214848,12,,basset,3994,23258
877316821321428993,13,,Saluki,5414,27907
877201837425926144,12,,Pembroke,5880,27755
876838120628539392,12,pupper,bloodhound,3506,21125
876537666061221889,14,,,4800,23869
876484053909872640,13,,golden_retriever,2511,19163
876120275196170240,13,,Bernese_mountain_dog,4903,28490
875747767867523072,13,,Labrador_retriever,4497,25773
875144289856114688,13,,Siberian_husky,5081,22185
875097192612077568,13,,,6342,27997
875021211251597312,12,,West_Highland_white_terrier,4922,26022
874680097055178752,12,,Labrador_retriever,4875,28439
874296783580663808,13,pupper,cocker_spaniel,4308,26651
874057562936811520,12,,flat-coated_retriever,4125,23134
874012996292530176,13,puppo,Cardigan,11007,35501
873580283840344065,13,,Newfoundland,4143,24837
873213775632977920,12,pupper,vizsla,1667,7467
872967104147763200,12,doggo,Labrador_retriever,5669,28031
872820683541237760,13,,pug,3884,15029
872620804844003328,13,,cocker_spaniel,3911,21309
872486979161796608,12,,Pembroke,9429,41606
872261713294495745,13,,Labrador_retriever,6649,35085
872122724285648897,12,,pug,8549,35324
871879754684805121,13,,Shetland_sheepdog,11918,39090
871762521631449091,12,pupper,Labrador_retriever,3678,20787
871515927908634625,12,doggo,komondor,3628,20730
871102520638267392,14,doggo,,5764,21461
871032628920680449,13,,kelpie,3999,23255
870656317836468226,13,,Pembroke,2817,12819
870374049280663552,13,,golden_retriever,27680,85011
870308999962521604,13,,Greater_Swiss_Mountain_dog,4384,22453
869772420881756160,13,,Pembroke,10663,43710
869702957897576449,13,,Pembroke,6728,29116
869596645499047938,12,doggo,Chihuahua,3327,16476
869227993411051520,13,,Pembroke,4023,21112
868880397819494401,14,,French_bulldog,12518,55098
868622495443632128,13,,Labrador_retriever,6275,28295
868552278524837888,12,,whippet,2240,10539
867900495410671616,12,,Labrador_retriever,4439,24964
867774946302451713,13,,Border_collie,7788,35179
867421006826221569,12,puppo,Eskimo_dog,2697,16755
867051520902168576,13,,Samoyed,8425,33420
866720684873056260,13,,,5168,20888
866686824827068416,12,,flat-coated_retriever,3727,20070
866450705531457537,13,pupper,French_bulldog,32883,106827
866334964761202691,12,,Samoyed,15546,54720
865718153858494464,13,,golden_retriever,6008,26640
865359393868664832,13,,Chesapeake_Bay_retriever,5384,27530
865006731092295680,13,,Pembroke,8209,29063
864279568663928832,12,,bull_mastiff,3266,15195
864197398364647424,13,,golden_retriever,9616,31459
863553081350529029,13,,Eskimo_dog,4489,15935
863432100342583297,12,,Staffordshire_bullterrier,5664,24829
863062471531167744,13,,French_bulldog,2687,8945
862831371563274240,13,,Australian_terrier,5457,20011
862722525377298433,11,,basset,3809,17779
862096992088072192,13,,chow,21840,66437
861383897657036800,13,,Cardigan,11528,37744
861288531465048066,13,,Bouvier_des_Flandres,4479,18032
861005113778896900,12,,German_shepherd,4119,17538
860563773140209665,13,,Cardigan,2334,7878
860524505164394496,13,,Bedlington_terrier,5698,24678
859924526012018688,12,,French_bulldog,4349,20021
859851578198683649,13,,Labrador_retriever,3780,16105
859607811541651456,13,puppo,golden_retriever,1704,19476
859196978902773760,12,,malamute,25661,75193
858843525470990336,13,doggo,golden_retriever,3771,16304
858471635011153920,13,,Pembroke,5271,22640
858107933456039936,12,,golden_retriever,3154,16524
857989990357356544,12,,French_bulldog,2812,16952
857746408056729600,13,,Labrador_retriever,11524,36021
857393404942143489,13,,malamute,1785,6236
857263160327368704,13,,Samoyed,4934,21041
857029823797047296,12,,golden_retriever,4364,19910
856543823941562368,12,,Boston_bull,3131,17135
856282028240666624,14,,Chihuahua,6841,29086
855857698524602368,13,,,2313,12498
855851453814013952,13,puppo,flat-coated_retriever,19196,47844
855818117272018944,13,,,5943,28056
855459453768019968,12,,Blenheim_spaniel,8987,31657
854732716440526848,12,,Pembroke,6690,24188
854482394044301312,13,,Chihuahua,7608,31131
854365224396361728,13,,Pembroke,5159,20046
854120357044912130,14,pupper,black-and-tan_coonhound,8285,33911
854010172552949760,11,floofer,English_springer,3433,17169
853760880890318849,12,,miniature_pinscher,6403,30414
853639147608842240,13,,German_shepherd,11265,37198
852912242202992640,12,,Great_Dane,2037,9658
852672615818899456,12,,golden_retriever,2388,15939
852553447878664193,13,,bloodhound,3885,17492
852189679701164033,12,,Bernese_mountain_dog,1741,12217
851591660324737024,11,,Cardigan,3819,17300
851224888060895234,13,,standard_poodle,6350,22090
850753642995093505,11,,pug,10352,33348
850380195714523136,13,,Yorkshire_terrier,2915,13994
850145622816686080,11,,kelpie,4244,17519
850019790995546112,12,pupper,Shetland_sheepdog,5459,21944
849776966551130114,12,,Chihuahua,8404,32390
849412302885593088,12,,schipperke,3487,17039
848690551926992896,12,,flat-coated_retriever,4826,27104
848324959059550208,12,,malamute,4037,20229
847842811428974592,12,,Bernese_mountain_dog,1522,5935
847606175596138505,12,,Cardigan,3774,20208
847251039262605312,12,,Airedale,4800,22036
847157206088847362,11,,Staffordshire_bullterrier,6572,21588
847116187444137987,11,,American_Staffordshire_terrier,3583,23108
846874817362120707,13,,Shetland_sheepdog,4404,21685
846514051647705089,13,doggo,golden_retriever,13076,48410
846505985330044928,11,,,3492,15304
846153765933735936,13,,giant_schnauzer,10226,34394
846139713627017216,13,,,10972,33188
846042936437604353,12,,golden_retriever,3224,17256
845812042753855489,13,,Samoyed,9894,31737
845677943972139009,12,,chow,5365,27154
845397057150107648,13,doggo,Dandie_Dinmont,2072,8241
845306882940190720,12,pupper,Irish_water_spaniel,6039,25225
844973813909606400,12,,Labrador_retriever,3617,16361
844704788403113984,13,,Labrador_retriever,11633,42022
844223788422217728,12,,Labrador_retriever,2450,14753
843981021012017153,13,,,3285,16327
843856843873095681,12,,Labrador_retriever,5220,23211
843604394117681152,11,,Labrador_retriever,3081,18310
843235543001513987,13,,Pembroke,6852,23315
842846295480000512,13,,Labrador_retriever,4023,16440
842765311967449089,12,,Labrador_retriever,1439,7321
842535590457499648,13,,Pembroke,3937,19637
842163532590374912,12,,French_bulldog,6568,26569
842115215311396866,12,,chow,3386,15204
841680585030541313,12,,Chihuahua,8748,27854
841439858740625411,14,,Labrador_retriever,4168,13755
841320156043304961,12,,,6080,21402
841314665196081154,13,,Afghan_hound,5312,17305
841077006473256960,12,,Brittany_spaniel,5991,24926
840632337062862849,12,,golden_retriever,1972,9761
840268004936019968,12,,Chesapeake_Bay_retriever,6497,20950
839990271299457024,13,,Staffordshire_bullterrier,2597,14640
839549326359670784,12,,Norwich_terrier,8805,29957
839239871831150596,13,,Leonberg,7422,29684
838952994649550848,13,,,4505,21289
838921590096166913,13,,Border_terrier,2357,12183
838561493054533637,13,,kelpie,1504,11892
838476387338051585,13,,Great_Pyrenees,5484,24664
838083903487373313,13,,chow,3582,19183
837820167694528512,12,pupper,golden_retriever,8952,37277
837471256429613056,12,,Norwegian_elkhound,2631,13967
837366284874571778,13,,American_Staffordshire_terrier,6005,23074
837110210464448512,13,pupper,Siberian_husky,2731,17480
836989968035819520,12,,toy_poodle,2610,13879
836753516572119041,12,doggo,schipperke,5237,21029
836260088725786625,13,,borzoi,4850,23177
836001077879255040,13,,Samoyed,4935,20924
835574547218894849,11,,Staffordshire_bullterrier,4121,19447
835297930240217089,12,,Rottweiler,3381,17847
835264098648616962,12,,Chesapeake_Bay_retriever,1939,8503
835172783151792128,12,,Border_collie,6516,28552
835152434251116546,0,,American_Staffordshire_terrier,3443,24574
834931633769889797,12,,soft-coated_wheaten_terrier,1878,11838
834786237630337024,13,,Border_terrier,6159,22943
834574053763584002,13,doggo,golden_retriever,2882,14993
834458053273591808,12,,Rhodesian_ridgeback,1899,10512
834209720923721728,12,,golden_retriever,5476,22594
834089966724603904,10,doggo,,2427,10971
834086379323871233,12,,Labrador_retriever,2512,14296
833863086058651648,12,,kuvasz,2729,14661
833826103416520705,13,,Chihuahua,3904,16728
833722901757046785,13,,West_Highland_white_terrier,3636,22585
833479644947025920,13,,golden_retriever,2357,16258
833124694597443584,12,pupper,Cardigan,5513,22133
832998151111966721,13,doggo,boxer,2522,14549
832757312314028032,13,,Cardigan,4127,18423
832682457690300417,13,,,3368,13017
832645525019123713,10,,,594,3195
832636094638288896,12,,Eskimo_dog,3220,17379
832397543355072512,12,,Pekinese,2548,13126
832369877331693569,11,,kelpie,3652,18792
832273440279240704,14,doggo,Pembroke,2673,12385
832032802820481025,12,doggo,whippet,4746,13887
831939777352105988,12,doggo,Pomeranian,7031,26404
831911600680497154,14,,bloodhound,7458,30380
831670449226514432,13,,Pembroke,2059,11469
831650051525054464,13,,Eskimo_dog,2243,7908
831552930092285952,13,,Chihuahua,2632,9872
831322785565769729,12,doggo,Old_English_sheepdog,1744,10042
831315979191906304,13,pupper,briard,1264,7117
831309418084069378,12,,Doberman,2786,12819
831262627380748289,12,,cocker_spaniel,2350,13066
830956169170665475,12,,kuvasz,1735,8735
830583320585068544,13,,Labrador_retriever,19297,73397
830097400375152640,13,,toy_poodle,3455,10804
829861396166877184,12,,Border_terrier,2243,13441
829501995190984704,12,,French_bulldog,12224,34913
829449946868879360,11,doggo,Labrador_retriever,2329,11519
829374341691346946,13,doggo,Staffordshire_bullterrier,10706,38074
829141528400556032,12,,golden_retriever,8530,26952
829011960981237760,13,,boxer,18627,58302
828770345708580865,13,,Chesapeake_Bay_retriever,6746,28085
828708714936930305,10,,Mexican_hairless,12882,40241
828650029636317184,14,,golden_retriever,1544,10467
828409743546925057,12,,toy_poodle,1305,6898
828408677031882754,12,,Weimaraner,1477,8398
828381636999917570,14,doggo,Bedlington_terrier,2554,13864
828376505180889089,13,,American_Staffordshire_terrier,1216,8112
828372645993398273,12,,malamute,3344,13756
828361771580813312,12,,,195,2408
828011680017821696,11,,American_Staffordshire_terrier,2451,11411
827933404142436356,12,pupper,German_shepherd,5987,22180
827653905312006145,12,,collie,3433,16983
827600520311402496,13,,Pembroke,1082,8143
827324948884643840,12,,golden_retriever,3510,17523
827199976799354881,13,,Great_Dane,2579,11659
826958653328592898,12,doggo,golden_retriever,5757,23767
826848821049180160,13,doggo,Great_Pyrenees,11878,40325
826598365270007810,13,,French_bulldog,2709,11117
826476773533745153,12,doggo,German_shepherd,4821,20275
826240494070030336,11,,French_bulldog,2965,14614
826204788643753985,13,doggo,Labrador_retriever,1075,5361
826115272272650244,13,,golden_retriever,3599,17299
825829644528148480,12,,Great_Pyrenees,2848,14025
825535076884762624,14,puppo,Rottweiler,19669,56413
825147591692263424,13,,Pekinese,5244,20181
825026590719483904,12,puppo,Eskimo_dog,1483,7020
824775126675836928,12,,Border_terrier,4069,16508
824663926340194305,13,,English_setter,1993,11113
824325613288833024,13,pupper,Pembroke,11848,12999
824025158776213504,14,,,679,5255
823939628516474880,12,,schipperke,3123,11755
823699002998870016,12,,cairn,2772,13826
823581115634085888,11,,German_shepherd,3031,14376
823322678127919110,11,,Chihuahua,4637,17437
822975315408461824,12,,Pembroke,3958,19139
822872901745569793,13,puppo,Lakeland_terrier,48265,132810
822859134160621569,12,,malinois,2622,14576
822610361945911296,12,,cocker_spaniel,3423,16327
822489057087389700,13,,Samoyed,7390,20083
822462944365645825,14,pupper,Pomeranian,17209,31800
822244816520155136,11,,Samoyed,11421,38832
821886076407029760,13,,golden_retriever,2692,12582
821765923262631936,13,doggo,golden_retriever,1899,9317
821522889702862852,13,,Doberman,2030,8871
821407182352777218,14,doggo,Irish_setter,5053,13075
821149554670182400,12,,German_shepherd,2320,9718
821107785811234820,11,doggo,Pomeranian,2487,10645
821044531881721856,12,,Old_English_sheepdog,2636,14021
820749716845686786,13,,golden_retriever,11525,34984
820690176645140481,12,,West_Highland_white_terrier,3716,13518
820314633777061888,14,,Gordon_setter,648,3706
819952236453363712,13,puppo,American_Staffordshire_terrier,1369,5927
819711362133872643,11,,toy_poodle,3604,14916
819588359383371776,13,,Cardigan,2271,10606
819347104292290561,12,,Rottweiler,1383,8008
819238181065359361,10,pupper,,462,2550
819227688460238848,12,,Border_terrier,7733,25652
819004803107983360,14,doggo,standard_poodle,42228,95450
818627210458333184,13,,Labrador_retriever,8564,24597
818614493328580609,12,,Chihuahua,2982,10971
818536468981415936,11,,Welsh_springer_spaniel,2873,12127
818259473185828864,12,,miniature_schnauzer,2621,12197
818145370475810820,11,,golden_retriever,3014,13671
817908911860748288,12,,,906,5356
817827839487737858,13,,cocker_spaniel,31314,57622
817777686764523521,13,pupper,curly-coated_retriever,3084,11901
817536400337801217,12,,pug,3505,13105
817423860136083457,13,,Samoyed,17504,38260
817415592588222464,11,,Doberman,1131,6267
817171292965273600,13,,golden_retriever,2326,9690
817120970343411712,13,,Saluki,3011,13367
817056546584727552,11,,kelpie,1927,9517
816816676327063552,12,,malamute,2361,11071
816697700272001025,12,,Chihuahua,2545,10905
816336735214911488,11,,Labrador_retriever,2269,9564
816091915477250048,12,,Pomeranian,2500,9927
815990720817401858,11,,Chihuahua,1207,5545
815966073409433600,13,pupper,Tibetan_mastiff,9907,25057
815736392542261248,11,,Border_collie,2625,10937
815639385530101762,12,,German_shepherd,1918,9161
814986499976527872,11,pupper,dalmatian,1505,8485
814638523311648768,12,,golden_retriever,3130,12511
814530161257443328,12,,miniature_poodle,2156,9629
814153002265309185,12,,golden_retriever,10080,32000
813910438903693312,11,doggo,Siberian_husky,2194,10342
813812741911748608,14,,French_bulldog,16267,40402
813800681631023104,12,,malamute,2060,9300
813217897535406080,13,,Samoyed,8476,20783
813202720496779264,11,doggo,cocker_spaniel,2090,10192
813187593374461952,13,,golden_retriever,5096,22085
813172488309972993,12,,golden_retriever,2236,10384
813157409116065792,12,,Pembroke,2557,8588
813142292504645637,13,,beagle,2728,9361
813127251579564032,11,doggo,Norwegian_elkhound,3652,13242
813112105746448384,12,,Pembroke,3225,11515
813096984823349248,11,doggo,Great_Dane,4207,11694
813081950185472002,11,,Doberman,3220,10989
813066809284972545,12,,toy_terrier,2276,8865
813051746834595840,13,,golden_retriever,8503,23337
812781120811126785,10,,bull_mastiff,2191,8380
812709060537683968,12,,Irish_setter,1665,7373
812466873996607488,12,,Great_Dane,2231,8900
812372279581671427,13,,golden_retriever,4252,15224
811985624773361665,11,,Staffordshire_bullterrier,1647,8102
811744202451197953,13,,Pekinese,1884,8429
811627233043480576,10,,beagle,3650,14265
811386762094317568,11,pupper,Pembroke,7444,23302
810896069567610880,11,,flat-coated_retriever,2090,10093
810657578271330305,11,,malamute,3057,12192
810284430598270976,13,,malamute,13369,39640
810254108431155201,12,,Staffordshire_bullterrier,3901,16380
809920764300447744,10,,Norwich_terrier,4521,17250
809448704142938112,12,,Greater_Swiss_Mountain_dog,1696,7727
809220051211603969,12,,Pomeranian,6554,22246
809084759137812480,11,,vizsla,4046,14685
808838249661788160,13,,Rottweiler,3536,11271
808733504066486276,12,pupper,toy_poodle,2509,8784
808501579447930884,12,,Airedale,3007,12595
808344865868283904,11,,,24069,47281
808001312164028416,12,,Labrador_retriever,4098,14015
807621403335917568,14,pupper,golden_retriever,4288,16236
807106840509214720,13,,Chihuahua,56625,107015
807010152071229440,12,,golden_retriever,4418,14514
806629075125202948,13,,cocker_spaniel,37911,75639
806576416489959424,13,,,2230,5370
806542213899489280,11,,vizsla,2752,11363
806219024703037440,11,,chow,1388,7145
805932879469572096,12,,Norwegian_elkhound,2209,9178
805826884734976000,12,,Siberian_husky,2132,7335
805520635690676224,13,,malinois,1905,6368
805207613751304193,12,,Pembroke,1972,8680
804738756058218496,12,,Tibetan_mastiff,4480,15326
804475857670639616,13,,,2355,6886
803773340896923648,12,puppo,miniature_pinscher,3220,11203
803638050916102144,13,pupper,Labrador_retriever,4828,12270
803276597545603072,11,,Pembroke,2887,11207
802952499103731712,12,,chow,2336,10085
802600418706604034,11,,,1714,7938
802572683846291456,12,,golden_retriever,2926,9959
802239329049477120,12,puppo,Eskimo_dog,3040,10132
801958328846974976,12,,Staffordshire_bullterrier,1992,8608
801538201127157760,12,,Pembroke,2391,9141
801167903437357056,13,,cocker_spaniel,6961,27386
801115127852503040,12,pupper,dalmatian,2429,8992
800751577355128832,12,,cocker_spaniel,3214,11701
800513324630806528,11,,Pembroke,3495,14685
800388270626521089,12,floofer,golden_retriever,3265,12456
800141422401830912,13,,golden_retriever,2980,17092
799757965289017345,13,doggo,Border_collie,2506,9390
799422933579902976,12,,miniature_pinscher,2213,8965
799297110730567681,11,,malamute,3227,11065
799063482566066176,11,,Norfolk_terrier,2863,9058
798933969379225600,12,,Siberian_husky,5203,14712
798925684722855936,11,,West_Highland_white_terrier,1663,8246
798209839306514432,13,,Pekinese,2954,11548
797971864723324932,12,pupper,American_Staffordshire_terrier,3652,13018
797545162159308800,12,,Pembroke,5656,16198
797236660651966464,12,,collie,7726,22328
796865951799083009,12,,Cardigan,2198,8564
796759840936919040,11,,American_Staffordshire_terrier,3562,13256
796484825502875648,12,doggo,cocker_spaniel,2042,8472
796387464403357696,12,,Pekinese,4861,12334
796149749086875649,11,,golden_retriever,16628,36177
796125600683540480,13,,,2079,5511
796116448414461957,11,,Cardigan,2813,10139
796080075804475393,12,,chow,2703,9469
796031486298386433,13,,golden_retriever,4284,12071
795464331001561088,13,doggo,golden_retriever,27728,55683
795400264262053889,12,,golden_retriever,3323,11270
794926597468000259,12,,toy_poodle,2697,11492
794332329137291264,12,,Samoyed,3088,10686
793962221541933056,12,,Labrador_retriever,5711,18910
793845145112371200,13,,Old_English_sheepdog,2187,10295
793601777308463104,12,,miniature_pinscher,1908,8926
793500921481273345,12,,golden_retriever,2786,11953
793286476301799424,13,,Afghan_hound,10723,27597
793271401113350145,12,,Siberian_husky,2763,9677
793256262322548741,12,,basset,9714,22350
793241302385262592,13,,golden_retriever,3812,11780
793226087023144960,11,,wire-haired_fox_terrier,3338,11001
793210959003287553,10,,French_bulldog,3301,9997
793195938047070209,12,puppo,Labrador_retriever,6547,17063
793180763617361921,11,,Lakeland_terrier,2310,7740
793165685325201412,12,,golden_retriever,3238,10478
793150605191548928,11,,Italian_greyhound,1984,6909
793120401413079041,11,,Labrador_retriever,4551,14202
792883833364439040,12,,standard_poodle,4964,12666
792773781206999040,12,,Yorkshire_terrier,1963,8209
792394556390137856,12,,cocker_spaniel,4998,15128
792050063153438720,11,,komondor,2088,8029
791774931465953280,14,,,21156,37818
791672322847637504,13,,golden_retriever,3661,13129
791406955684368384,12,,Pembroke,4797,14670
791312159183634433,12,,miniature_pinscher,2963,9841
790987426131050500,12,,cocker_spaniel,2483,11089
790946055508652032,12,puppo,golden_retriever,5496,18601
790698755171364864,12,,Bernese_mountain_dog,2203,9158
790581949425475584,11,,malinois,8183,22473
790337589677002753,12,,Pembroke,2167,8740
790277117346975746,11,,Labrador_retriever,3732,14081
789986466051088384,12,,golden_retriever,2704,10369
789903600034189313,13,pupper,,4858,11673
789628658055020548,13,,chow,2080,8448
789599242079838210,12,,Chesapeake_Bay_retriever,2279,7620
789530877013393408,12,,schipperke,3942,13188
789314372632018944,13,,,2666,9615
789268448748703744,10,,malamute,3014,10196
789137962068021249,12,,Chihuahua,3244,10875
788908386943430656,11,,golden_retriever,14409,30653
788765914992902144,12,,cocker_spaniel,12014,30658
788412144018661376,11,,golden_retriever,5990,16060
788178268662984705,13,,Samoyed,2488,8100
788150585577050112,13,,chow,1510,6865
787810552592695296,11,,pug,3540,9717
787717603741622272,13,puppo,German_shepherd,3240,11416
787397959788929025,11,,Chihuahua,3300,12120
787322443945877504,10,,golden_retriever,2032,8726
786963064373534720,12,,golden_retriever,9327,29725
786709082849828864,10,,Pomeranian,7069,20296
786664955043049472,12,,Leonberg,2996,11957
786595970293370880,11,,Pembroke,3601,10497
786363235746385920,13,doggo,golden_retriever,4072,12189
786286427768250368,12,,,3352,8930
786233965241827333,11,,Labrador_retriever,5571,17178
785927819176054784,12,,toy_poodle,3652,12696
785872687017132033,12,,Great_Pyrenees,2130,7489
785533386513321988,11,,miniature_pinscher,2334,10183
785515384317313025,10,,,1477,6800
785264754247995392,12,,chow,1911,8128
785170936622350336,11,,Eskimo_dog,5639,13491
784826020293709826,13,,chow,3712,11310
784517518371221505,11,,malamute,2970,10039
784431430411685888,12,,miniature_poodle,1491,6329
784183165795655680,12,puppo,,9374,22513
784057939640352768,12,,,12953,33505
783821107061198850,12,,Lakeland_terrier,2269,8209
783695101801398276,12,,chow,3737,11650
783466772167098368,11,,Chihuahua,2608,9468
783391753726550016,13,,Norwegian_elkhound,6441,18908
783334639985389568,12,,Cardigan,13616,32651
783085703974514689,11,,Chesapeake_Bay_retriever,2565,9112
782969140009107456,12,,golden_retriever,8521,26949
782747134529531904,11,doggo,golden_retriever,1604,8310
782722598790725632,10,,Irish_setter,6238,19250
782598640137187329,11,,malamute,2184,8694
782305867769217024,12,doggo,briard,6470,18630
781661882474196992,5,,Pembroke,3129,11634
781655249211752448,11,doggo,,1314,4466
781524693396357120,12,,Chesapeake_Bay_retriever,6426,23163
781251288990355457,11,,Mexican_hairless,2458,9428
781163403222056960,10,,Shetland_sheepdog,3168,10895
780858289093574656,10,,Chesapeake_Bay_retriever,2328,8033
780800785462489090,11,,Siberian_husky,1505,6141
780601303617732608,12,,Saint_Bernard,3839,13525
780543529827336192,12,,golden_retriever,2032,7040
780459368902959104,11,,Great_Dane,1224,5892
780192070812196864,11,,vizsla,2589,9712
780074436359819264,10,doggo,,5815,13723
779834332596887552,11,,golden_retriever,8237,21252
779123168116150273,12,,toy_poodle,4207,13206
779056095788752897,13,,Chihuahua,5247,16500
778990705243029504,11,,cocker_spaniel,8437,22342
778764940568104960,13,,,426,955
778748913645780993,11,,Staffordshire_bullterrier,1562,7717
778650543019483137,10,,German_shepherd,1729,6430
778624900596654080,11,,Airedale,1176,5177
778408200802557953,14,,Pembroke,5023,15135
778383385161035776,13,,collie,1271,6515
778286810187399168,11,,Boston_bull,3836,11576
778039087836069888,12,pupper,German_shepherd,3065,9417
778027034220126208,11,pupper,clumber,1885,7320
777684233540206592,12,,cocker_spaniel,3403,12518
777621514455814149,12,,chow,2910,9742
777189768882946048,12,,Chihuahua,4999,15921
776813020089548800,12,,toy_poodle,1405,5444
776477788987613185,11,pupper,Labrador_retriever,3249,9858
776218204058357768,13,floofer,Samoyed,18497,33345
776201521193218049,10,,Rottweiler,2919,10681
776088319444877312,10,,pug,179,2045
775842724423557120,12,,chow,3116,13022
775364825476165632,11,doggo,beagle,3472,8295
775350846108426240,12,,,4532,11309
775085132600442880,13,,chow,5488,17281
774757898236878852,12,,toy_poodle,2035,9462
774639387460112384,10,,Walker_hound,2013,7508
774314403806253056,14,,Eskimo_dog,6478,24167
773985732834758656,11,pupper,pug,4492,11925
773922284943896577,12,,Pomeranian,1999,7110
773704687002451968,12,,silky_terrier,1891,7317
773670353721753600,10,,Old_English_sheepdog,1501,5935
773547596996571136,11,pupper,Norwegian_elkhound,7126,24553
773308824254029826,12,,Labrador_retriever,8640,25846
773247561583001600,10,,miniature_pinscher,3699,10414
773191612633579521,12,,Blenheim_spaniel,4736,11117
772877495989305348,11,,Norwegian_elkhound,4501,9555
772826264096874500,11,,basset,2669,8842
772581559778025472,10,,Newfoundland,1968,7192
772193107915964416,12,pupper,Pembroke,1612,6665
772152991789019136,10,,golden_retriever,1300,4181
772117678702071809,12,,Labrador_retriever,848,4165
772114945936949249,10,,Chihuahua,546,3005
772102971039580160,11,,Pembroke,1065,4448
771908950375665664,13,doggo,,2181,7298
771770456517009408,11,,papillon,3924,13356
771500966810099713,12,,Labrador_retriever,3018,9167
771380798096281600,11,,collie,5912,11746
771136648247640064,11,,golden_retriever,3357,10223
771102124360998913,12,,Labrador_retriever,1663,6898
770787852854652928,10,,Bernese_mountain_dog,1415,5498
770772759874076672,11,,chow,1626,5749
770414278348247044,11,,golden_retriever,2390,6987
770293558247038976,10,,Italian_greyhound,1718,6923
770069151037685760,10,,Boston_bull,2651,8385
769940425801170949,12,,miniature_pinscher,11131,34948
769695466921623552,13,,pug,1926,7101
769212283578875904,12,,golden_retriever,1969,5980
768970937022709760,12,,Pomeranian,7574,16017
768855141948723200,11,,chow,1034,4660
768609597686943744,10,,basenji,1382,4580
768596291618299904,12,,Great_Pyrenees,1473,5592
768473857036525572,11,,Labrador_retriever,3958,15110
767754930266464257,11,,vizsla,6221,17814
767500508068192258,12,,chow,2688,8295
767122157629476866,13,,toy_poodle,3261,11227
766793450729734144,10,,beagle,1565,5650
766693177336135680,11,,Doberman,918,4484
766423258543644672,9,,keeshond,1825,6671
766313316352462849,12,,toy_poodle,2166,7493
766069199026450432,12,,redbone,1003,4765
766008592277377025,11,,Welsh_springer_spaniel,571,4149
765719909049503744,12,,golden_retriever,2475,8021
765669560888528897,12,,beagle,1407,5760
765395769549590528,13,,Pembroke,3127,20539
765371061932261376,11,pupper,golden_retriever,2475,7842
765222098633691136,10,,dalmatian,3914,12902
764857477905154048,12,,Bernese_mountain_dog,2029,7099
764259802650378240,10,,German_shepherd,1745,6718
763837565564780549,11,,malamute,4858,14041
763183847194451968,8,,miniature_poodle,1702,6004
763103485927849985,10,,chow,2602,8163
762699858130116608,11,,kelpie,4190,13518
762471784394268675,12,,Samoyed,7612,12571
762464539388485633,12,,chow,4839,11503
761976711479193600,12,,Labrador_retriever,2310,5992
761599872357261312,11,,Gordon_setter,1336,4578
761334018830917632,10,,Norwegian_elkhound,1669,5792
761292947749015552,11,,standard_poodle,1265,4957
761227390836215808,10,,French_bulldog,1775,5908
761004547850530816,11,,golden_retriever,3952,12482
760893934457552897,11,doggo,Blenheim_spaniel,1104,4228
760656994973933572,11,,golden_retriever,2210,7343
760539183865880579,12,,Samoyed,4168,8399
760521673607086080,12,doggo,,1608,4681
760290219849637889,13,,Old_English_sheepdog,13140,29618
759943073749200896,12,pupper,,2382,6581
759923798737051648,10,,Labrador_retriever,6521,16284
759846353224826880,11,,Sussex_spaniel,2265,7433
759557299618865152,10,,golden_retriever,1341,5202
759447681597108224,11,,kuvasz,2827,9418
759446261539934208,10,,,561,1846
759197388317847553,12,,kuvasz,2221,6725
759099523532779520,7,,Shetland_sheepdog,4813,16101
759047813560868866,11,,Labrador_retriever,2302,7227
758854675097526272,11,,Old_English_sheepdog,1027,3904
758828659922702336,13,doggo,Chesapeake_Bay_retriever,4376,12376
758740312047005698,12,,Chesapeake_Bay_retriever,1824,6339
758474966123810816,11,,Pembroke,1132,4227
758405701903519748,10,,Chesapeake_Bay_retriever,2204,5756
758355060040593408,11,,Pembroke,1245,3797
758099635764359168,13,,,11550,21302
758041019896193024,9,,Cardigan,433,3001
757741869644341248,10,,Old_English_sheepdog,3710,7613
757725642876129280,11,,Labrador_retriever,1391,5022
757611664640446465,12,,bluetick,1272,5026
757400162377592832,13,,golden_retriever,7759,16743
757393109802180609,10,doggo,Labrador_retriever,2009,6462
757354760399941633,8,,Italian_greyhound,1637,4995
756998049151549440,11,,golden_retriever,2271,6923
756939218950160384,12,pupper,golden_retriever,2295,7342
756651752796094464,11,,Pembroke,1511,5612
756303284449767430,11,,golden_retriever,1231,4359
756288534030475264,12,,French_bulldog,15071,28519
756275833623502848,10,puppo,Airedale,1738,7114
755955933503782912,12,pupper,Pekinese,3285,8092
755110668769038337,13,,Labrador_retriever,12621,23446
754856583969079297,11,,golden_retriever,2870,7616
754449512966619136,11,,beagle,846,4147
754120377874386944,10,,chow,2670,8655
754011816964026368,12,,French_bulldog,4079,9726
753655901052166144,10,,miniature_pinscher,2492,6458
753398408988139520,12,,whippet,2186,6384
753375668877008896,8,,bluetick,2655,8411
753294487569522689,11,,chow,1191,3758
753039830821511168,13,,,24013,41080
753026973505581056,10,,Pembroke,1109,4283
752932432744185856,12,,,7798,13970
752917284578922496,11,,German_shepherd,1790,7592
752682090207055872,10,doggo,German_shepherd,1846,6642
752660715232722944,10,doggo,English_setter,1794,4878
752568224206688256,9,,,2605,6140
752519690950500352,11,puppo,Labrador_retriever,3917,8157
752334515931054080,8,doggo,Bedlington_terrier,1263,4238
752173152931807232,12,,Labrador_retriever,2106,6569
751950017322246144,13,pupper,,1060,3415
751937170840121344,11,,Lakeland_terrier,1530,5770
751830394383790080,12,,chow,2227,6428
751793661361422336,11,,,3320,6479
751598357617971201,13,,toy_poodle,3440,8699
751583847268179968,5,doggo,dalmatian,1265,4849
751538714308972544,10,,Labrador_retriever,1445,5547
751456908746354688,12,pupper,golden_retriever,1127,3516
751251247299190784,10,,Walker_hound,6695,13791
751205363882532864,12,,Labrador_retriever,2086,6948
751132876104687617,10,puppo,Labrador_retriever,1480,5610
750868782890057730,11,pupper,toy_poodle,1595,5306
750719632563142656,12,,Pembroke,5747,14621
750429297815552001,12,,golden_retriever,4947,14569
750383411068534784,9,pupper,Border_collie,1309,5005
750147208377409536,13,,pug,1095,3409
750132105863102464,11,,toy_poodle,1440,3990
750117059602808832,10,,Shih-Tzu,1466,4740
750101899009982464,11,,golden_retriever,959,3344
750086836815486976,12,,pug,613,2383
750071704093859840,10,pupper,redbone,3802,8653
750056684286914561,11,,Saluki,1011,3444
750041628174217216,13,,Labrador_retriever,703,3502
750026558547456000,10,,standard_poodle,888,2986
750011400160841729,11,doggo,Boston_bull,1035,3568
749996283729883136,12,,Old_English_sheepdog,919,3331
749774190421639168,12,,Pekinese,1493,5114
749417653287129088,11,pupper,papillon,1904,6721
749403093750648834,10,,Chesapeake_Bay_retriever,622,2892
749395845976588288,10,,Pomeranian,3951,9488
749317047558017024,12,floofer,wire-haired_fox_terrier,2509,6076
749075273010798592,11,doggo,,2360,6353
749064354620928000,11,,pug,1714,5277
748977405889503236,10,,German_short-haired_pointer,3759,11235
748932637671223296,13,doggo,borzoi,2564,6461
748699167502000129,11,,Pembroke,1814,5213
748575535303884801,6,,soft-coated_wheaten_terrier,2272,6696
748568946752774144,12,,Tibetan_terrier,776,2411
748346686624440324,10,,borzoi,1413,5735
748337862848962560,13,pupper,,4701,8462
748324050481647620,11,,Shetland_sheepdog,867,4078
748220828303695873,13,,,8825,15549
747963614829678593,10,pupper,kelpie,2444,6397
747933425676525569,11,,Samoyed,2894,7310
747885874273214464,8,,kuvasz,1116,3243
747844099428986880,11,,Pembroke,851,3084
747816857231626240,4,,Pembroke,1316,5346
747648653817413632,12,,,6614,14182
747600769478692864,10,,Chesapeake_Bay_retriever,619,2545
747594051852075008,11,,basenji,1205,4065
747512671126323200,10,,Cardigan,1803,6110
747439450712596480,12,,,2184,5965
747219827526344708,11,,Shetland_sheepdog,1791,5792
747103485104099331,11,,Labrador_retriever,4548,10534
746872823977771008,11,,Pembroke,2429,6593
746790600704425984,10,,Boston_bull,1806,5345
746757706116112384,11,,,4432,10520
746726898085036033,12,,golden_retriever,2037,6648
746542875601690625,11,floofer,,2104,5520
746507379341139972,10,,toy_poodle,1226,5094
746369468511756288,9,,German_shepherd,1854,6637
746131877086527488,10,,chow,2511,7565
746056683365994496,11,,Shetland_sheepdog,931,3904
745789745784041472,10,,Pekinese,1207,4437
745712589599014916,7,,chow,2636,7652
745433870967832576,10,doggo,basset,2894,7824
745422732645535745,9,,Labrador_retriever,2768,9412
745074613265149952,11,,,3976,8605
745057283344719872,12,,Shetland_sheepdog,2585,7945
744995568523612160,9,puppo,Old_English_sheepdog,716,3277
744971049620602880,12,,toy_poodle,3042,8652
744709971296780288,10,,Shetland_sheepdog,1771,6150
744334592493166593,11,,Samoyed,2412,7443
744234799360020481,13,doggo,Labrador_retriever,79515,131075
744223424764059648,12,pupper,,424,1868
743980027717509120,11,,bull_mastiff,1231,4551
743895849529389061,10,,dalmatian,1087,3999
743609206067040256,10,,Weimaraner,1560,4917
743545585370791937,11,,standard_poodle,1066,3863
743253157753532416,10,puppo,malamute,1366,4624
743222593470234624,12,pupper,kuvasz,2164,6792
743210557239623680,10,,golden_retriever,1560,4215
742534281772302336,11,doggo,,4011,7744
742423170473463808,12,,pug,4319,10812
742385895052087300,11,,Cardigan,2266,7457
741793263812808706,10,,kuvasz,1698,4982
741743634094141440,11,pupper,Labrador_retriever,3144,8945
741438259667034112,9,,Chesapeake_Bay_retriever,937,4026
741303864243200000,12,,Chihuahua,3650,9631
741099773336379392,11,,,6247,10997
740995100998766593,10,,malamute,3154,7018
740711788199743490,9,,toy_poodle,1062,3736
740676976021798912,11,pupper,Norwegian_elkhound,7724,19881
740373189193256964,14,,golden_retriever,9220,20648
740359016048689152,9,,golden_retriever,967,3610
740214038584557568,10,,Chesapeake_Bay_retriever,2220,7335
739979191639244800,12,,Irish_water_spaniel,6719,21898
739932936087216128,10,,redbone,1217,4443
739844404073074688,12,,toy_poodle,966,4138
739623569819336705,12,doggo,,1547,4185
739606147276148736,9,pupper,Blenheim_spaniel,1876,5897
739544079319588864,10,,Labrador_retriever,24319,43694
739485634323156992,6,,Walker_hound,3309,7887
739238157791694849,13,doggo,Eskimo_dog,52360,75163
738885046782832640,11,,American_Staffordshire_terrier,1283,4127
738883359779196928,10,,Labrador_retriever,917,3661
738537504001953792,11,puppo,chow,1759,5575
738402415918125056,10,,cocker_spaniel,955,3599
738184450748633089,9,,Bedlington_terrier,1360,4727
738166403467907072,12,,keeshond,3828,9635
738156290900254721,10,,pug,748,2768
737826014890496000,10,,vizsla,2006,5757
737800304142471168,10,,malamute,3904,10943
737678689543020544,11,,Pembroke,1509,5528
737445876994609152,13,floofer,Samoyed,5048,11302
736736130620620800,13,,schipperke,1972,4736
736392552031657984,13,pupper,,8407,19450
736365877722001409,11,pupper,toy_poodle,1408,4367
736225175608430592,10,,Labrador_retriever,3115,8901
736010884653420544,10,,golden_retriever,3355,8652
735991953473572864,11,,cocker_spaniel,1283,3934
735648611367784448,12,pupper,Pembroke,1237,4397
735635087207878657,11,,pug,2659,6776
735256018284875776,8,doggo,Staffordshire_bullterrier,993,3675
735137028879360001,9,pupper,Walker_hound,1092,3428
734912297295085568,10,,Maltese_dog,572,2993
734787690684657664,13,,golden_retriever,7102,13745
734776360183431168,11,,Siberian_husky,608,2742
734559631394082816,10,,,451,1646
733828123016450049,10,,beagle,881,3926
733822306246479872,10,floofer,Lhasa,1141,4015
733482008106668032,10,,French_bulldog,1065,3438
733460102733135873,11,,chow,1451,4605
732732193018155009,12,,Staffordshire_bullterrier,599,2671
732726085725589504,11,,Pomeranian,1003,3855
732585889486888962,10,,Staffordshire_bullterrier,868,4016
732375214819057664,11,doggo,basset,2838,8832
732005617171337216,11,,English_setter,6154,16324
731285275100512256,12,,Pembroke,1090,3798
730924654643314689,9,,Newfoundland,2234,6682
730573383004487680,10,pupper,American_Staffordshire_terrier,2435,5407
730427201120833536,11,,Eskimo_dog,1176,3809
730211855403241472,11,,pug,1182,4180
729823566028484608,13,,kelpie,1390,4358
729463711119904772,13,,German_shepherd,2586,6340
728986383096946689,11,,Maltese_dog,917,3460
728760639972315136,13,,Pembroke,1911,5090
728751179681943552,10,,Saint_Bernard,757,3032
728409960103686147,10,,Saint_Bernard,2269,5383
728387165835677696,12,,collie,1075,3999
728046963732717569,11,,Newfoundland,1328,4722
728035342121635841,12,pupper,Pomeranian,1872,4953
728015554473250816,11,pupper,cocker_spaniel,1219,4479
727685679342333952,12,,Border_collie,720,3206
727644517743104000,13,doggo,Great_Pyrenees,1962,6431
727524757080539137,10,pupper,Pomeranian,1379,4900
727314416056803329,11,pupper,toy_poodle,834,3623
727286334147182592,9,,Chihuahua,920,3324
727175381690781696,10,,flat-coated_retriever,1540,4209
727155742655025152,11,,,1490,3983
726935089318363137,12,,toy_poodle,2738,7496
726887082820554753,10,,soft-coated_wheaten_terrier,1677,4195
726828223124897792,12,,miniature_pinscher,1124,3882
726224900189511680,9,,standard_poodle,1302,4811
725842289046749185,12,,toy_poodle,2970,7691
725786712245440512,11,pupper,chow,1527,4537
725729321944506368,12,,boxer,2009,5646
725458796924002305,13,,,703,1541
724983749226668032,12,,golden_retriever,1462,4040
724771698126512129,11,doggo,German_short-haired_pointer,725,2593
724405726123311104,10,pupper,golden_retriever,1847,5800
724049859469295616,10,,Border_collie,1984,4738
724046343203856385,10,,boxer,620,2901
724004602748780546,11,pupper,pug,1790,4561
723912936180330496,12,,Samoyed,1374,4236
723688335806480385,12,,chow,3347,8435
723673163800948736,10,,golden_retriever,1011,3291
723179728551723008,8,,Norwegian_elkhound,2110,5761
722974582966214656,13,,Great_Dane,1764,4493
722613351520608256,12,,Labrador_retriever,1831,5393
721503162398597120,11,,Pomeranian,2124,5086
721001180231503872,11,pupper,Samoyed,686,2748
720785406564900865,12,,Chihuahua,866,3400
720775346191278080,10,,Newfoundland,760,2702
720415127506415616,10,,Rottweiler,1681,4503
720389942216527872,11,,Pembroke,2840,6974
720059472081784833,9,,Mexican_hairless,1268,4229
720043174954147842,11,,Samoyed,2253,5332
719991154352222208,10,doggo,golden_retriever,1979,5281
719551379208073216,10,,malamute,2192,5515
719367763014393856,11,,soft-coated_wheaten_terrier,827,3022
719339463458033665,10,,golden_retriever,1403,4822
719332531645071360,11,,Dandie_Dinmont,1078,3711
718971898235854848,10,,golden_retriever,1231,3818
718939241951195136,12,,Pembroke,1973,5720
718631497683582976,10,,Pomeranian,9126,20697
718613305783398402,11,,Labrador_retriever,542,2669
718540630683709445,10,,Maltese_dog,1137,2730
718460005985447936,9,,Boston_bull,602,2846
718246886998687744,3,,Chihuahua,565,2115
718234618122661888,11,,malamute,1127,4217
717841801130979328,11,,Brittany_spaniel,670,2660
717537687239008257,11,,golden_retriever,2069,6281
717428917016076293,11,,,510,1748
717421804990701568,9,,miniature_pinscher,945,3446
717047459982213120,12,,golden_retriever,2135,6826
717009362452090881,10,pupper,Siberian_husky,1102,3583
716802964044845056,10,,malinois,1317,4627
716791146589110272,11,,Pomeranian,1474,5204
716730379797970944,12,,,475,1339
716447146686459905,13,pupper,,6643,14327
716439118184652801,11,,Siberian_husky,247,2574
716285507865542656,12,,Yorkshire_terrier,1225,3041
716080869887381504,11,doggo,golden_retriever,1935,5272
715928423106027520,11,,pug,987,3485
715758151270801409,13,,,1596,4085
715733265223708672,10,,Dandie_Dinmont,1920,5093
715704790270025728,11,,,634,3055
715696743237730304,10,,Staffordshire_bullterrier,1454,4257
715680795826982913,12,,golden_retriever,1813,4719
715342466308784130,10,,West_Highland_white_terrier,768,3294
715220193576927233,10,,Chihuahua,736,2630
715200624753819648,12,,Chihuahua,2110,5578
715009755312439296,12,,Chihuahua,1392,4550
714982300363173890,9,,Brittany_spaniel,1166,4094
714962719905021952,12,,,4816,8028
714957620017307648,10,,Great_Pyrenees,1595,4503
714606013974974464,12,,Norfolk_terrier,1038,3938
714485234495041536,10,,,1313,2962
714258258790387713,10,,collie,808,3281
714251586676113411,8,,soft-coated_wheaten_terrier,940,3570
714214115368108032,13,,pug,990,2480
714141408463036416,10,,Labrador_retriever,1569,4673
713919462244790272,12,,Siberian_husky,869,3564
713909862279876608,12,,,616,2078
713900603437621249,11,,golden_retriever,829,3062
713761197720473600,12,,Brittany_spaniel,1541,5308
713411074226274305,11,,Great_Pyrenees,1440,4802
713177543487135744,10,,whippet,3183,7854
713175907180089344,10,,malamute,1630,4851
712809025985978368,10,,Labrador_retriever,7602,20378
712717840512598017,10,,Great_Pyrenees,5616,13474
712668654853337088,10,,Labrador_retriever,1367,4531
712438159032893441,11,,Great_Pyrenees,1756,5799
712309440758808576,12,pupper,,26,269
712097430750289920,10,,Labrador_retriever,1172,4144
712085617388212225,11,,Shih-Tzu,556,3531
711743778164514816,11,,Lakeland_terrier,1101,3095
711732680602345472,10,,Ibizan_hound,4653,9756
711363825979756544,11,,Pembroke,1287,3996
711306686208872448,3,,Dandie_Dinmont,819,3596
711008018775851008,11,pupper,French_bulldog,710,3275
710997087345876993,12,,malamute,1561,4960
710844581445812225,10,,Pembroke,779,2775
710833117892898816,12,,Pembroke,606,2937
710658690886586372,10,,soft-coated_wheaten_terrier,636,2529
710609963652087808,12,,,2624,5227
710588934686908417,12,,Pembroke,2107,4968
710296729921429505,12,,,833,2574
710283270106132480,11,,Shih-Tzu,580,2308
710272297844797440,11,,Old_English_sheepdog,1425,4945
710269109699739648,13,,pug,1257,2613
710153181850935296,11,,cocker_spaniel,1006,3153
710140971284037632,8,,Pekinese,1008,3017
710117014656950272,11,pupper,toy_poodle,2233,5999
709918798883774466,12,,Pembroke,1215,3250
709852847387627521,12,,Chihuahua,1336,3824
709566166965075968,12,,chow,1367,3865
709556954897764353,12,,golden_retriever,1204,3593
709519240576036864,9,,cocker_spaniel,277,1620
709449600415961088,10,,Maltese_dog,665,2420
709409458133323776,8,,Shetland_sheepdog,788,2855
709225125749587968,11,,Labrador_retriever,647,2615
709207347839836162,11,,Chihuahua,6567,13755
709179584944730112,13,,,763,2213
709158332880297985,10,,Siberian_husky,470,2236
709042156699303936,9,,Rottweiler,1864,5197
708853462201716736,8,,,745,1941
708845821941387268,9,pupper,schipperke,1015,3226
708834316713893888,10,,Eskimo_dog,571,1860
708810915978854401,10,,golden_retriever,7848,18036
708738143638450176,11,,Pomeranian,917,2997
708711088997666817,11,,German_short-haired_pointer,834,2790
708479650088034305,13,,Shih-Tzu,765,2768
708469915515297792,11,,Chihuahua,926,3357
708400866336894977,12,,,11330,17516
708356463048204288,10,,pug,1520,3929
708349470027751425,11,,basenji,831,2568
708149363256774660,10,,Cardigan,1727,4672
708130923141795840,11,,French_bulldog,943,3707
708119489313951744,9,,Norwich_terrier,1102,2937
708109389455101952,10,,Staffordshire_bullterrier,610,2124
708026248782585858,13,,malinois,2166,4799
707969809498152960,11,,toy_poodle,1097,2941
707776935007539200,11,,miniature_pinscher,1079,3593
707741517457260545,10,,whippet,696,2718
707738799544082433,12,,,2785,4495
707629649552134146,10,,,997,2834
707610948723478529,12,,golden_retriever,7236,18557
707420581654872064,4,,kuvasz,789,2499
707411934438625280,11,pupper,Lakeland_terrier,673,2486
707387676719185920,10,,Chihuahua,1490,3835
707377100785885184,9,,golden_retriever,1214,3603
707315916783140866,10,pupper,Bernese_mountain_dog,727,2698
707297311098011648,10,,Blenheim_spaniel,903,3022
707059547140169728,11,,Samoyed,759,2796
707038192327901184,10,,pug,900,2404
707021089608753152,12,,cocker_spaniel,1540,4433
707014260413456384,11,,Chihuahua,664,2502
706904523814649856,13,,,8830,15961
706681918348251136,12,,toy_poodle,1103,3627
706644897839910912,9,,Chihuahua,1224,2814
706538006853918722,11,,chow,1580,3778
706516534877929472,12,,golden_retriever,1150,3404
706346369204748288,12,,Tibetan_mastiff,1035,3768
706310011488698368,12,pupper,Pembroke,9034,23443
706291001778950144,11,,Border_terrier,522,1861
706265994973601792,11,,papillon,1030,2979
706169069255446529,12,,,2511,4291
706166467411222528,7,,Samoyed,1819,5636
706153300320784384,13,,,437,1632
705975130514706432,10,pupper,Staffordshire_bullterrier,842,3397
705970349788291072,12,,golden_retriever,1008,3440
705898680587526145,10,,collie,643,2597
705591895322394625,11,,basenji,1308,3475
705475953783398401,12,,golden_retriever,1045,3231
705442520700944385,12,,Great_Pyrenees,1859,4877
705428427625635840,11,pupper,Chihuahua,1931,4188
705239209544720384,11,,Chihuahua,854,3290
705223444686888960,9,,Chesapeake_Bay_retriever,900,2829
705102439679201280,10,,collie,585,2342
705066031337840642,12,,Airedale,683,2378
704859558691414016,10,pupper,pug,612,2462
704847917308362754,12,,golden_retriever,1727,5594
704761120771465216,13,pupper,Chihuahua,3257,7283
704499785726889984,12,,Chihuahua,1124,3212
704480331685040129,11,,Samoyed,1197,3723
704364645503647744,12,,Pembroke,3999,8804
704347321748819968,10,pupper,Brittany_spaniel,393,1729
704134088924532736,12,pupper,,519,1653
704054845121142784,12,,Great_Pyrenees,1028,3201
703774238772166656,10,,Labrador_retriever,526,2020
703769065844768768,10,,boxer,1276,3621
703611486317502464,10,pupper,Pembroke,1709,4229
703382836347330562,12,,golden_retriever,1285,3837
703356393781329922,9,,Border_collie,429,2085
703268521220972544,12,pupper,kuvasz,618,2152
703079050210877440,11,,Pembroke,3494,8064
702899151802126337,12,,,509,1772
702684942141153280,11,,golden_retriever,1215,3516
702671118226825216,10,,bloodhound,634,2398
702598099714314240,11,pupper,kelpie,3712,11332
702539513671897089,12,,Pomeranian,1091,3134
702332542343577600,13,,,1755,3491
702321140488925184,12,,West_Highland_white_terrier,1156,3604
702276748847800320,11,,Boston_bull,860,2706
702217446468493312,9,,golden_retriever,1526,5268
701981390485725185,12,,Pomeranian,1106,3755
701952816642965504,11,,toy_poodle,1149,4167
701889187134500865,11,,French_bulldog,1558,3905
701805642395348998,11,pupper,,1900,3752
701601587219795968,10,,Chihuahua,523,2299
701570477911896070,9,,Yorkshire_terrier,1055,3080
701545186879471618,10,pupper,Border_collie,680,2902
701214700881756160,12,,Chihuahua,5812,13475
700890391244103680,11,,schipperke,653,2437
700864154249383937,12,pupper,kuvasz,685,2828
700847567345688576,10,,Rhodesian_ridgeback,558,2637
700747788515020802,11,,Great_Pyrenees,10673,25130
700518061187723268,10,,American_Staffordshire_terrier,915,2887
700505138482569216,12,,Norwegian_elkhound,646,2487
700462010979500032,6,,Pomeranian,2031,4537
700167517596164096,10,,beagle,836,2903
700151421916807169,11,pupper,Italian_greyhound,754,2450
700143752053182464,10,pupper,golden_retriever,3129,8282
700029284593901568,10,,West_Highland_white_terrier,661,2262
700002074055016451,9,,Chihuahua,1529,3627
699801817392291840,11,pupper,golden_retriever,1088,3345
699788877217865730,12,,Border_terrier,557,2458
699779630832685056,10,,malinois,1397,3039
699775878809702401,11,,Dandie_Dinmont,690,2150
699446877801091073,12,,Pembroke,2938,6515
699434518667751424,12,pupper,golden_retriever,577,2384
699423671849451520,10,,pug,383,1505
699413908797464576,11,,Samoyed,688,2258
699370870310113280,11,,cairn,497,2053
699323444782047232,10,,Labrador_retriever,983,3466
699079609774645248,8,,schipperke,745,2677
699072405256409088,12,,Shih-Tzu,1325,3296
699060279947165696,12,,,2059,4173
699036661657767936,13,pupper,Chihuahua,1345,2863
698989035503689728,13,,Norfolk_terrier,1113,3701
698953797952008193,11,,Italian_greyhound,1020,2975
698907974262222848,10,,German_short-haired_pointer,699,2787
698710712454139905,10,,Samoyed,774,2710
698703483621523456,7,,Brittany_spaniel,425,1608
698635131305795584,12,,Samoyed,388,1400
698549713696649216,9,,French_bulldog,704,2536
698355670425473025,10,,pug,516,2046
698342080612007937,11,,boxer,1074,2485
698262614669991936,11,,Italian_greyhound,2268,5214
698195409219559425,9,,Labrador_retriever,6750,18408
698178924120031232,10,,Chesapeake_Bay_retriever,830,3084
697995514407682048,11,,Staffordshire_bullterrier,372,1665
697990423684476929,11,,Pembroke,1451,3592
697943111201378304,10,,Great_Dane,776,2638
697630435728322560,8,,,614,1909
697616773278015490,11,pupper,Lhasa,1144,3467
697596423848730625,11,pupper,Shetland_sheepdog,1425,3306
697575480820686848,8,,whippet,572,2250
697516214579523584,9,,,1282,2281
697463031882764288,11,,Labrador_retriever,1552,3748
697270446429966336,10,,toy_poodle,2087,5131
697259378236399616,8,,Great_Dane,1136,3611
697255105972801536,10,,Great_Dane,1315,3316
697242256848379904,10,,Eskimo_dog,751,2753
696900204696625153,12,,Chihuahua,1156,3492
696894894812565505,9,,Appenzeller,758,2594
696886256886657024,12,,kuvasz,2016,5317
696754882863349760,10,,toy_poodle,396,1615
696744641916489729,10,,,1069,2293
696713835009417216,9,pupper,Chesapeake_Bay_retriever,757,2613
696518437233913856,10,pupper,,1887,4274
696488710901260288,12,,briard,1166,2788
696405997980676096,7,,borzoi,1284,3531
696100768806522880,10,pupper,,750,2125
695816827381944320,11,,Pomeranian,1320,3287
695794761660297217,13,,Samoyed,880,3490
695629776980148225,8,,Old_English_sheepdog,2377,5020
695446424020918272,12,,basenji,2026,4787
695409464418041856,10,,pug,4017,9460
695314793360662529,10,,Maltese_dog,1675,4004
695095422348574720,12,pupper,papillon,684,2888
695074328191332352,11,pupper,Shih-Tzu,1239,3116
695051054296211456,6,,Boston_bull,885,2918
694925794720792577,5,,,1043,2965
694352839993344000,10,,Australian_terrier,700,2244
694342028726001664,11,,,557,1727
694329668942569472,9,pupper,boxer,569,2203
694206574471057408,10,,Shih-Tzu,2297,4582
694183373896572928,9,,Pekinese,1040,3236
694001791655137281,11,,Pembroke,1176,3705
693993230313091072,12,,,457,2044
693942351086120961,10,,groenendael,413,1896
693642232151285760,9,,Scottish_deerhound,472,2790
693629975228977152,12,pupper,pug,894,2685
693622659251335168,10,,malamute,422,1691
693280720173801472,10,,Labrador_retriever,1403,3669
693267061318012928,12,,,925,2622
693262851218264065,11,pupper,golden_retriever,568,2459
693231807727280129,9,,vizsla,841,3133
693155686491000832,12,,Shih-Tzu,3622,8668
693109034023534592,11,,cocker_spaniel,695,1889
693095443459342336,10,pupper,Yorkshire_terrier,523,2056
692919143163629568,9,,Saint_Bernard,838,2926
692905862751522816,10,pupper,Mexican_hairless,998,2683
692901601640583168,10,,soft-coated_wheaten_terrier,682,1971
692894228850999298,10,,German_short-haired_pointer,910,2511
692828166163931137,12,pupper,Samoyed,998,3148
692752401762250755,13,pupper,Samoyed,4124,7496
692568918515392513,12,,golden_retriever,1737,4739
692535307825213440,10,,pug,1529,3504
692530551048294401,10,,Siberian_husky,474,2021
692187005137076224,12,,Siberian_husky,929,2768
692158366030913536,10,,pug,896,2369
692041934689402880,13,,,1424,3724
692017291282812928,9,,Tibetan_terrier,1081,3153
691793053716221953,10,,,4732,8910
691756958957883396,10,,Saint_Bernard,1161,3179
691675652215414786,10,,Chihuahua,577,2116
691483041324204033,5,,bloodhound,656,2608
691459709405118465,12,,Shetland_sheepdog,1294,4449
691444869282295808,12,,Bernese_mountain_dog,955,2890
691416866452082688,13,,Lakeland_terrier,8689,21253
691321916024623104,11,,Rottweiler,747,2828
691096613310316544,11,,borzoi,1019,3253
690989312272396288,12,,,3282,6513
690959652130045952,11,,golden_retriever,1421,3902
690735892932222976,13,,golden_retriever,1442,4134
690728923253055490,8,,kuvasz,597,2384
690690673629138944,10,,Maltese_dog,898,2547
690649993829576704,11,,Mexican_hairless,325,1435
690597161306841088,11,,Lhasa,681,2163
690400367696297985,10,,Pembroke,509,2041
690374419777196032,11,,kuvasz,972,3560
690360449368465409,9,,pug,1006,2925
690348396616552449,12,,,573,1644
690021994562220032,10,,malamute,1180,3056
690015576308211712,12,pupper,malamute,836,2740
690005060500217858,10,,Samoyed,1907,4004
689999384604450816,10,,standard_poodle,424,1561
689993469801164801,12,floofer,,518,1618
689977555533848577,12,,Labrador_retriever,502,1490
689905486972461056,11,pupper,Pomeranian,787,2651
689877686181715968,9,,Old_English_sheepdog,1344,3323
689835978131935233,11,,collie,850,2369
689661964914655233,12,,Italian_greyhound,1052,3501
689623661272240129,10,pupper,toy_poodle,748,2467
689599056876867584,11,,cocker_spaniel,6265,12795
689557536375177216,12,,Eskimo_dog,519,2257
689517482558820352,12,,Pembroke,1609,3735
689283819090870273,9,,Scotch_terrier,1250,3624
689280876073582592,10,,Chihuahua,819,2197
689275259254616065,10,,American_Staffordshire_terrier,285,1273
689255633275777024,10,,,1212,2805
689154315265683456,9,,cocker_spaniel,1128,3348
689143371370250240,10,pupper,English_springer,579,2232
688916208532455424,11,pupper,Pembroke,983,3003
688898160958271489,10,,Ibizan_hound,890,2307
688828561667567616,9,,Cardigan,420,1508
688804835492233216,12,,malinois,227,1043
688789766343622656,8,,American_Staffordshire_terrier,759,2434
688547210804498433,9,,papillon,789,2862
688519176466644993,12,pupper,Pembroke,825,2520
688385280030670848,12,,golden_retriever,5035,10180
688116655151435777,10,,pug,888,3093
688064179421470721,11,,Eskimo_dog,408,1878
687841446767013888,13,,,2872,6009
687826841265172480,12,,Pomeranian,1292,2989
687818504314159109,12,pupper,Lakeland_terrier,1080,2758
687807801670897665,11,,Staffordshire_bullterrier,801,2625
687732144991551489,11,,,750,1935
687704180304273409,9,pupper,miniature_pinscher,950,2660
687664829264453632,11,,pug,576,2121
687494652870668288,7,,Rottweiler,654,2104
687480748861947905,12,,English_springer,281,1760
687460506001633280,10,,Boston_bull,614,2243
687399393394311168,10,,,702,2081
687317306314240000,11,,Shih-Tzu,10411,22073
687312378585812992,7,pupper,Great_Dane,2146,4777
687127927494963200,9,,pug,2591,6004
687124485711986689,11,,beagle,577,2371
687109925361856513,11,,borzoi,2803,6370
687096057537363968,11,pupper,Labrador_retriever,695,2449
686760001961103360,12,pupper,,1551,3852
686730991906516992,12,,Tibetan_mastiff,1350,4543
686683045143953408,11,pupper,Norwich_terrier,912,3072
686618349602762752,11,pupper,Rottweiler,1544,4042
686606069955735556,10,,Labrador_retriever,607,2071
686394059078897668,12,,,769,1928
686386521809772549,11,,Yorkshire_terrier,996,3553
686377065986265092,10,pupper,German_shepherd,637,2433
686358356425093120,10,,pug,776,2398
686286779679375361,12,,,1887,4392
686050296934563840,11,,Pomeranian,836,2420
686034024800862208,12,,Great_Dane,1324,3424
686007916130873345,11,pupper,Rhodesian_ridgeback,472,2704
685973236358713344,11,,Siberian_husky,611,2326
685943807276412928,8,pupper,papillon,696,1801
685906723014619143,9,,Yorkshire_terrier,3303,8277
685663452032069632,12,,Chesapeake_Bay_retriever,1656,3557
685641971164143616,7,pupper,Lakeland_terrier,885,3218
685532292383666176,9,,collie,1298,3336
685325112850124800,10,,golden_retriever,4535,10471
685321586178670592,10,,Boston_bull,735,2910
685315239903100929,11,,chow,1234,3676
685307451701334016,11,floofer,Pomeranian,496,2262
685268753634967552,10,pupper,pug,1371,3419
685198997565345792,11,,Old_English_sheepdog,764,2566
685169283572338688,11,pupper,Bernese_mountain_dog,1620,4489
684940049151070208,12,,Border_collie,1191,3523
684926975086034944,11,,Labrador_retriever,552,3849
684914660081053696,10,,chow,1662,3848
684902183876321280,11,,Pembroke,605,2053
684830982659280897,13,pupper,,24514,38551
684800227459624960,11,,miniature_schnauzer,1124,2979
684594889858887680,10,,Weimaraner,4016,9843
684588130326986752,12,pupper,,1592,4489
684481074559381504,10,,Chihuahua,1320,4249
684460069371654144,10,,Labrador_retriever,628,2169
684241637099323392,12,,Pembroke,3727,8999
684222868335505415,11,,soft-coated_wheaten_terrier,1563,4225
684195085588783105,9,,Chihuahua,595,2108
684188786104872960,10,,kelpie,1343,3831
684177701129875456,10,,chow,764,2215
684147889187209216,12,pupper,,1703,3265
684097758874210310,10,,Labrador_retriever,1621,4515
683857920510050305,10,,bluetick,1262,4163
683852578183077888,10,,toy_poodle,397,2111
683849932751646720,5,,Mexican_hairless,1116,2896
683834909291606017,9,pupper,Maltese_dog,1265,2880
683828599284170753,12,pupper,malamute,1195,3053
683773439333797890,9,,miniature_pinscher,1533,3684
683742671509258241,11,,Pembroke,3781,7162
683515932363329536,11,,,3291,8058
683498322573824003,11,,Airedale,1095,3469
683481228088049664,11,pupper,keeshond,1118,2878
683462770029932544,8,pupper,Italian_greyhound,761,2676
683449695444799489,10,,Lakeland_terrier,1837,4290
683391852557561860,11,,French_bulldog,2702,8356
683357973142474752,10,,Pembroke,1059,3238
683142553609318400,9,pupper,Leonberg,1173,3162
683111407806746624,10,pupper,cocker_spaniel,1034,3736
683098815881154561,12,,golden_retriever,736,2361
683078886620553216,9,pupper,Eskimo_dog,634,2176
683030066213818368,10,,boxer,832,2370
682750546109968385,9,,English_setter,494,1674
682662431982772225,11,,beagle,1207,3326
682638830361513985,12,,English_springer,675,2266
682429480204398592,8,,whippet,1320,3769
682393905736888321,11,,vizsla,773,2441
682389078323662849,9,,curly-coated_retriever,518,1828
682303737705140231,9,,Lakeland_terrier,1135,3389
682259524040966145,9,,Siberian_husky,1375,4578
682088079302213632,12,,,11271,20108
682032003584274432,11,,schipperke,2294,7223
681981167097122816,12,,Labrador_retriever,1161,3043
681891461017812993,10,pupper,Chihuahua,951,2706
681694085539872773,11,pupper,toy_poodle,4581,14010
681654059175129088,12,pupper,Pomeranian,1045,2903
681610798867845120,12,,toy_poodle,533,2100
681579835668455424,8,,Rottweiler,1489,3893
681523177663676416,12,,Norfolk_terrier,6620,15749
681339448655802368,9,,Labrador_retriever,4598,10202
681320187870711809,11,,Samoyed,863,2918
681297372102656000,12,,Lhasa,1091,3490
681281657291280384,11,,Saint_Bernard,1258,3520
681261549936340994,9,,Tibetan_terrier,308,1597
681231109724700672,11,pupper,Irish_setter,540,2629
681193455364796417,11,,Pomeranian,1691,4077
680970795137544192,9,,pug,749,2665
680959110691590145,9,,pug,2243,4986
680940246314430465,4,,soft-coated_wheaten_terrier,1225,3544
680934982542561280,10,,Labrador_retriever,497,2285
680913438424612864,11,,Pomeranian,705,2609
680889648562991104,9,,Shetland_sheepdog,418,1945
680836378243002368,12,pupper,Pembroke,1513,3766
680805554198020098,9,,,751,2370
680801747103793152,10,,pug,925,2600
680609293079592961,9,,French_bulldog,816,2906
680497766108381184,12,,Chihuahua,2162,4639
680494726643068929,11,,kuvasz,542,1879
680473011644985345,10,pupper,Lakeland_terrier,844,2778
680191257256136705,11,pupper,Brittany_spaniel,577,2356
680161097740095489,12,,bluetick,828,2538
680145970311643136,10,pupper,miniature_poodle,1972,3955
680130881361686529,10,,Maltese_dog,1078,2519
680115823365742593,9,,pug,1028,2972
680100725817409536,11,pupper,golden_retriever,1554,3891
680070545539371008,9,,Shih-Tzu,994,2818
680055455951884288,10,,Samoyed,8067,18278
679872969355714560,10,,,749,2365
679862121895714818,11,,EntleBucher,706,2678
679854723806179328,7,,chow,1402,3143
679844490799091713,10,,Airedale,887,2593
679828447187857408,13,pupper,Chihuahua,15839,39726
679777920601223168,10,pupper,bloodhound,1281,3390
679736210798047232,9,,French_bulldog,918,2311
679729593985699840,8,,West_Highland_white_terrier,937,2367
679722016581222400,8,,boxer,539,1817
679530280114372609,7,,dalmatian,2347,5208
679511351870550016,7,,Chihuahua,1461,3711
679475951516934144,9,,Maltese_dog,728,2304
679462823135686656,11,,toy_poodle,21324,34856
679405845277462528,10,,,1364,2594
679158373988876288,11,,pug,9193,23568
679148763231985668,8,,Italian_greyhound,1163,3028
679132435750195208,10,,Scottish_deerhound,1314,3253
679111216690831360,12,,kelpie,2893,6514
679062614270468097,11,,schipperke,9299,18712
679047485189439488,9,,golden_retriever,781,2460
679001094530465792,11,,,1378,3075
678991772295516161,12,,Eskimo_dog,1333,2537
678969228704284672,11,,Labrador_retriever,528,1796
678800283649069056,12,pupper,Labrador_retriever,1018,2810
678798276842360832,7,,Airedale,1350,3804
678774928607469569,11,,Pembroke,1043,3037
678764513869611008,10,,Irish_terrier,544,1788
678755239630127104,10,,malamute,3741,7802
678740035362037760,6,,beagle,1926,4099
678708137298427904,10,pupper,,2753,6082
678643457146150913,10,,Labrador_retriever,489,2250
678446151570427904,10,,Staffordshire_bullterrier,1785,4358
678424312106393600,2,,Maltese_dog,2880,5916
678410210315247616,10,,schipperke,2072,4640
678399652199309312,12,,Bedlington_terrier,30742,61794
678396796259975168,12,,Pembroke,478,1731
678389028614488064,11,pupper,miniature_pinscher,473,2044
678380236862578688,10,,Samoyed,1020,2655
678341075375947776,12,pupper,golden_retriever,612,1896
678334497360859136,10,,Norfolk_terrier,304,1427
678278586130948096,10,pupper,Maltese_dog,6857,12531
678255464182861824,9,,Chihuahua,418,1726
678021115718029313,12,,miniature_pinscher,7148,15018
677961670166224897,11,,,1879,3701
677918531514703872,10,,Eskimo_dog,463,1476
677895101218201600,9,,dalmatian,2384,5275
677716515794329600,12,,chow,1104,3323
677700003327029250,10,,Siberian_husky,1622,3689
677698403548192770,9,,Shih-Tzu,363,1332
677687604918272002,11,,Pembroke,950,2681
677673981332312066,9,,Maltese_dog,1677,3603
677644091929329666,11,,Chihuahua,886,2040
677565715327688705,6,,basset,513,1409
677557565589463040,10,pupper,Shih-Tzu,1322,2665
677547928504967168,12,,American_Staffordshire_terrier,4076,7568
677530072887205888,9,,Staffordshire_bullterrier,250,1161
677335745548390400,12,,,2017,3328
677334615166730240,9,,Lakeland_terrier,328,1477
677331501395156992,9,,beagle,265,1189
677328882937298944,10,,kelpie,1693,3938
677314812125323265,10,,Blenheim_spaniel,611,1799
677301033169788928,5,,Japanese_spaniel,471,1362
677269281705472000,10,pupper,Shetland_sheepdog,790,2164
677187300187611136,9,,English_setter,1033,2981
676975532580409345,11,,malamute,1203,3015
676957860086095872,10,,Labrador_retriever,907,2395
676949632774234114,8,,Welsh_springer_spaniel,448,1413
676946864479084545,12,,Pekinese,426,1844
676936541936185344,8,pupper,Chesapeake_Bay_retriever,5515,13809
676916996760600576,10,pupper,,2002,3231
676864501615042560,10,,Chesapeake_Bay_retriever,808,2294
676821958043033607,11,,Great_Pyrenees,17605,25124
676819651066732545,12,pupper,Labrador_retriever,741,1957
676811746707918848,9,,Chihuahua,469,1536
676617503762681856,13,pupper,Chihuahua,1108,3149
676613908052996102,12,,Doberman,219,1183
676606785097199616,12,,malinois,490,2039
676603393314578432,9,pupper,whippet,440,1280
676593408224403456,11,pupper,,2410,4954
676588346097852417,5,,Boston_bull,896,2533
676582956622721024,8,,Boston_bull,312,1310
676575501977128964,8,pupper,Yorkshire_terrier,1254,2807
676533798876651520,12,,chow,621,2025
676496375194980353,9,,pug,602,1641
676470639084101634,11,pupper,golden_retriever,5224,12616
676440007570247681,11,,Maltese_dog,748,1863
676430933382295552,10,,golden_retriever,385,1526
676263575653122048,10,pupper,toy_poodle,609,2243
676237365392908289,8,,French_bulldog,331,1335
676219687039057920,10,,whippet,31989,67100
676191832485810177,10,,Chihuahua,1145,2478
676146341966438401,10,,Irish_water_spaniel,744,2077
676121918416756736,8,,,1297,2335
676101918813499392,11,,Shih-Tzu,1284,3042
676089483918516224,9,,bull_mastiff,483,1431
675898130735476737,10,pupper,Labrador_retriever,653,1774
675891555769696257,6,,Italian_greyhound,976,2297
675888385639251968,10,,West_Highland_white_terrier,1067,2581
675878199931371520,11,,Cardigan,1570,4531
675853064436391936,11,,Labrador_retriever,1460,2927
675845657354215424,10,pupper,pug,1000,2477
675822767435051008,10,,Pomeranian,591,1652
675820929667219457,11,,basset,260,1140
675798442703122432,10,,beagle,3787,11101
675781562965868544,11,,Maltese_dog,537,1750
675740360753160193,12,pupper,golden_retriever,388,1257
675710890956750848,12,,standard_schnauzer,928,2046
675706639471788032,10,,English_springer,106,693
675534494439489536,11,,chow,470,1953
675531475945709568,10,,Pembroke,428,1276
675522403582218240,10,,cocker_spaniel,316,1122
675517828909424640,12,,Scottish_deerhound,507,1414
675497103322386432,11,,vizsla,1443,3397
675489971617296384,10,,West_Highland_white_terrier,672,1406
675432746517426176,12,,Labrador_retriever,627,1623
675372240448454658,13,,Chihuahua,563,1838
675362609739206656,12,,Labrador_retriever,262,1136
675354435921575936,13,,golden_retriever,18963,35178
675334060156301312,12,pupper,Pembroke,1436,3007
675166823650848770,10,,standard_poodle,1795,3920
675149409102012420,12,,chow,1878,4037
675147105808306176,10,,golden_retriever,273,1026
675146535592706048,7,,Cardigan,349,1300
675145476954566656,9,,Labrador_retriever,1011,2305
675111688094527488,8,,Labrador_retriever,283,1042
675109292475830276,9,,dalmatian,1259,3006
675047298674663426,11,,Samoyed,366,1141
675015141583413248,10,,golden_retriever,1335,2918
675006312288268288,10,pupper,boxer,252,1057
675003128568291329,12,,Pembroke,517,1672
674805413498527744,10,,English_springer,391,934
674800520222154752,11,,Pembroke,949,3240
674790488185167872,13,,Labrador_retriever,278,1180
674788554665512960,9,,miniature_poodle,230,871
674774481756377088,11,pupper,Chihuahua,532,1213
674764817387900928,10,,Samoyed,263,852
674752233200820224,12,,vizsla,516,1580
674743008475090944,10,,Bernese_mountain_dog,607,1514
674739953134403584,11,,Dandie_Dinmont,437,1194
674737130913071104,10,pupper,Pomeranian,103,693
674670581682434048,9,,malamute,729,1751
674646392044941312,5,,flat-coated_retriever,557,1533
674644256330530816,11,,basset,311,1111
674638615994089473,12,pupper,Pomeranian,650,1806
674468880899788800,13,,chow,2275,6676
674447403907457024,10,pupper,Brabancon_griffon,393,1137
674436901579923456,9,,Shih-Tzu,426,1198
674422304705744896,12,,golden_retriever,592,1536
674416750885273600,10,,Chihuahua,157,731
674410619106390016,10,,beagle,515,1289
674394782723014656,8,,Lakeland_terrier,635,1607
674307341513269249,12,,,7641,12129
674291837063053312,11,,Cardigan,6533,15817
674271431610523648,10,,German_shepherd,800,1682
674269164442398721,8,,pug,255,961
674262580978937856,9,pupper,Greater_Swiss_Mountain_dog,498,1391
674255168825880576,10,,Eskimo_dog,619,1581
674082852460433408,11,,Pomeranian,186,804
674075285688614912,11,,Airedale,316,1047
674053186244734976,10,,Cardigan,1441,3576
674051556661161984,10,,Shih-Tzu,530,1564
674042553264685056,12,,toy_poodle,142,772
674038233588723717,12,pupper,Eskimo_dog,456,1176
674036086168010753,9,,toy_poodle,240,906
674024893172875264,10,,Pomeranian,1360,1914
674019345211760640,10,,collie,340,1208
674014384960745472,11,,Pembroke,714,1676
673956914389192708,10,pupper,pug,1069,2091
673919437611909120,11,pupper,schipperke,401,1251
673906403526995968,3,,soft-coated_wheaten_terrier,1799,3406
673887867907739649,10,,Brabancon_griffon,274,994
673711475735838725,10,,Maltese_dog,325,1114
673709992831262724,12,,Chihuahua,306,908
673708611235921920,12,,golden_retriever,315,1153
673707060090052608,10,pupper,German_short-haired_pointer,434,1177
673705679337693185,8,,Shih-Tzu,439,1337
673689733134946305,11,,Chesapeake_Bay_retriever,700,1855
673688752737402881,9,,soft-coated_wheaten_terrier,534,1325
673686845050527744,11,,Pekinese,479,1544
673680198160809984,13,,Samoyed,521,1460
673662677122719744,12,,Labrador_retriever,397,1339
673656262056419329,10,pupper,bull_mastiff,265,769
673636718965334016,10,,pug,404,1194
673612854080196609,7,pupper,Newfoundland,802,1691
673583129559498752,11,,golden_retriever,403,1273
673580926094458881,8,,beagle,297,882
673359818736984064,8,,English_setter,728,1558
673355879178194945,11,,Rottweiler,652,1606
673352124999274496,12,,golden_retriever,597,1761
673350198937153538,9,,West_Highland_white_terrier,229,784
673345638550134785,7,,Pomeranian,1422,2700
673343217010679808,11,,Chihuahua,289,1038
673342308415348736,10,pupper,Chihuahua,649,1362
673320132811366400,11,,Samoyed,8705,14441
673317986296586240,10,,miniature_pinscher,293,924
673295268553605120,8,pupper,golden_retriever,3484,8046
673270968295534593,11,,Shih-Tzu,400,1134
673240798075449344,6,,Airedale,798,1510
673213039743795200,10,,schipperke,929,2410
672997845381865473,12,,chow,786,2092
672995267319328768,8,,French_bulldog,328,1001
672988786805112832,10,pupper,Lakeland_terrier,314,1039
672980819271634944,5,,basset,1079,1930
672975131468300288,10,pupper,pug,1015,1813
672968025906282496,11,,toy_poodle,602,1405
672964561327235073,10,,Chihuahua,701,1530
672877615439593473,8,,Chihuahua,405,1096
672834301050937345,10,,Pembroke,623,1398
672640509974827008,9,,Chesapeake_Bay_retriever,348,1032
672622327801233409,12,pupper,golden_retriever,542,1377
672604026190569472,11,,toy_poodle,445,1188
672594978741354496,9,pupper,Great_Pyrenees,661,1411
672591762242805761,10,,kuvasz,367,1014
672538107540070400,7,,Chihuahua,404,1089
672523490734551040,10,,golden_retriever,189,696
672488522314567680,10,,Doberman,482,1187
672482722825261057,10,,West_Highland_white_terrier,665,1221
672481316919734272,12,pupper,Border_collie,137,757
672466075045466113,12,,cocker_spaniel,598,1447
672272411274932228,11,,pug,3677,6888
672267570918129665,10,,Irish_terrier,666,1588
672264251789176834,10,,Chihuahua,383,1212
672254177670729728,11,pupper,pug,800,1515
672248013293752320,10,,Irish_terrier,656,1833
672245253877968896,12,,Chihuahua,169,733
672239279297454080,7,,pug,347,953
672222792075620352,9,,beagle,231,833
672205392827572224,9,pupper,pug,1270,2414
672169685991993344,10,,cocker_spaniel,408,1074
672160042234327040,8,pupper,pug,395,918
672139350159835138,12,,Rottweiler,792,1876
672125275208069120,11,,golden_retriever,1253,2578
672095186491711488,9,,pug,395,1063
672082170312290304,11,,toy_poodle,402,1003
672068090318987265,7,,pug,564,1389
671896809300709376,10,,chow,4519,9016
671891728106971137,11,,Labrador_retriever,618,1415
671866342182637568,10,,Labrador_retriever,548,1191
671789708968640512,13,,dalmatian,3811,7527
671768281401958400,10,,Chihuahua,572,1269
671743150407421952,11,,toy_poodle,248,779
671735591348891648,11,,Irish_wolfhound,819,1534
671561002136281088,13,,Gordon_setter,7931,13679
671542985629241344,10,,Shetland_sheepdog,616,1166
671536543010570240,9,,pug,441,1253
671528761649688577,10,,Doberman,280,896
671520732782923777,10,,Pomeranian,582,1499
671518598289059840,9,,Lakeland_terrier,319,1010
671504605491109889,11,,toy_poodle,3866,7495
671486386088865792,10,,German_shepherd,226,621
671485057807351808,11,,Samoyed,253,806
671357843010908160,9,,Italian_greyhound,157,426
671355857343524864,10,,miniature_poodle,119,508
671186162933985280,10,,Chihuahua,241,788
671182547775299584,12,,Rottweiler,378,1193
671163268581498880,8,,Scottish_deerhound,1198,1763
671154572044468225,11,,Labrador_retriever,241,769
671151324042559489,12,,Rottweiler,166,714
671147085991960577,9,,Yorkshire_terrier,254,713
671141549288370177,9,,borzoi,713,1246
671138694582165504,10,,Samoyed,448,996
671134062904504320,8,,Shih-Tzu,212,796
671122204919246848,4,,Chihuahua,2763,3729
671115716440031232,6,,malinois,842,1436
671109016219725825,8,,basenji,478,1225
670995969505435648,12,,redbone,317,1175
670840546554966016,10,,Shih-Tzu,213,634
670833812859932673,7,,Pekinese,135,474
670832455012716544,10,,malinois,242,780
670823764196741120,12,,Labrador_retriever,205,824
670822709593571328,10,,Chihuahua,105,647
670815497391357952,10,,American_Staffordshire_terrier,1708,3410
670811965569282048,10,,basset,295,1202
670807719151067136,11,,Old_English_sheepdog,546,1234
670804601705242624,10,,Pomeranian,1035,2098
670803562457407488,10,,basenji,95,362
670797304698376195,11,,Pembroke,262,780
670792680469889025,7,,toy_poodle,298,889
670789397210615808,9,,beagle,255,700
670786190031921152,8,,Pembroke,218,640
670782429121134593,5,,Chihuahua,863,1691
670780561024270336,7,,Labrador_retriever,317,831
670778058496974848,10,,pug,77,345
670764103623966721,10,,Norfolk_terrier,466,1154
670755717859713024,9,,keeshond,123,475
670717338665226240,12,,Pomeranian,547,1301
670704688707301377,6,,Norwich_terrier,405,814
670691627984359425,8,,Shetland_sheepdog,266,632
670679630144274432,8,,Ibizan_hound,315,799
670676092097810432,8,,Dandie_Dinmont,45,267
670452855871037440,11,,malamute,225,580
670444955656130560,10,,English_springer,2153,7120
670442337873600512,11,,Sussex_spaniel,213,690
670435821946826752,10,,basenji,570,1127
670434127938719744,11,,Chesapeake_Bay_retriever,708,1501
670433248821026816,10,,giant_schnauzer,122,345
670428280563085312,11,,chow,694,1484
670427002554466305,9,,toy_terrier,179,551
670421925039075328,12,,Chihuahua,709,1415
670411370698022913,12,,Maltese_dog,991,2176
670403879788544000,10,,pug,173,460
670385711116361728,8,,whippet,234,593
670374371102445568,12,,English_springer,295,785
670338931251150849,10,,cairn,122,451
670319130621435904,11,,Irish_terrier,1359,4110
670303360680108032,9,,Shetland_sheepdog,151,452
670290420111441920,11,,Chihuahua,315,750
670093938074779648,9,,toy_poodle,365,1106
670086499208155136,10,,German_short-haired_pointer,275,740
670073503555706880,10,,malamute,874,1674
670061506722140161,11,,Italian_greyhound,373,822
670046952931721218,11,,Blenheim_spaniel,191,684
670040295598354432,10,,borzoi,118,801
670003130994700288,10,,beagle,100,352
669993076832759809,9,,toy_poodle,92,344
669970042633789440,10,,miniature_pinscher,65,317
669942763794931712,11,,vizsla,183,536
669926384437997569,12,,Pomeranian,115,400
669753178989142016,10,,Pembroke,431,858
669683899023405056,10,,Pomeranian,119,412
669680153564442624,8,,dalmatian,311,712
669625907762618368,12,,golden_retriever,1963,3769
669603084620980224,10,,Maltese_dog,401,1006
669597912108789760,10,,Eskimo_dog,163,550
669573570759163904,10,,West_Highland_white_terrier,156,467
669567591774625800,9,,Chihuahua,61,248
669564461267722241,10,,toy_poodle,133,413
669393256313184256,10,,cocker_spaniel,83,383
669375718304980992,6,,Airedale,792,1425
669371483794317312,10,,Brabancon_griffon,196,524
669367896104181761,10,,basset,172,485
669363888236994561,10,,golden_retriever,252,669
669359674819481600,11,,Labrador_retriever,134,390
669354382627049472,8,,Chihuahua,1390,2889
669328503091937280,12,,Siberian_husky,452,1081
669327207240699904,13,,golden_retriever,127,610
669324657376567296,11,,Cardigan,223,525
669216679721873412,8,,golden_retriever,422,958
669203728096960512,9,,pug,522,1074
669037058363662336,10,,Chihuahua,336,698
669006782128353280,12,,Chihuahua,269,610
669000397445533696,11,,Pembroke,6965,22118
668994913074286592,5,,English_springer,254,468
668989615043424256,3,,pug,356,726
668986018524233728,9,,Chihuahua,183,578
668979806671884288,12,,golden_retriever,382,842
668975677807423489,11,,basset,641,1386
668960084974809088,10,,Chesapeake_Bay_retriever,263,757
668955713004314625,10,,cocker_spaniel,77,300
668932921458302977,9,,standard_poodle,63,284
668902994700836864,11,,Brittany_spaniel,107,338
668892474547511297,11,,kelpie,164,422
668872652652679168,11,,miniature_schnauzer,322,566
668852170888998912,11,,golden_retriever,184,479
668826086256599040,10,,malinois,150,467
668815180734689280,7,,redbone,291,610
668779399630725120,10,,Chesapeake_Bay_retriever,409,749
668655139528511488,11,,beagle,233,562
668641109086707712,10,,pug,573,1145
668636665813057536,10,,komondor,528,1114
668633411083464705,10,,Pekinese,1788,3024
668631377374486528,5,,miniature_schnauzer,349,763
668627278264475648,9,,French_bulldog,123,341
668625577880875008,10,,groenendael,140,417
668623201287675904,10,,Chihuahua,851,1551
668587383441514497,13,,,1174,1760
668567822092664832,11,,Shih-Tzu,62,265
668542336805281792,10,,American_Staffordshire_terrier,231,497
668537837512433665,8,,Lakeland_terrier,79,265
668528771708952576,12,,Labrador_retriever,242,496
668507509523615744,10,,basenji,116,345
668496999348633600,8,,Staffordshire_bullterrier,146,436
668484198282485761,9,,standard_poodle,253,453
668480044826800133,11,,Labrador_retriever,162,491
668297328638447616,9,,Eskimo_dog,319,656
668286279830867968,11,,golden_retriever,149,535
668274247790391296,10,,soft-coated_wheaten_terrier,248,886
668268907921326080,10,,Pembroke,261,592
668256321989451776,13,,Pembroke,667,1385
668248472370458624,8,,Chihuahua,523,1056
668237644992782336,10,,chow,3100,6614
668221241640230912,10,,chow,215,537
668204964695683073,8,,Labrador_retriever,206,586
668190681446379520,12,,Blenheim_spaniel,210,696
668171859951755264,7,,Chihuahua,208,525
668113020489474048,6,,Pembroke,265,709
667924896115245057,9,,Labrador_retriever,119,318
667915453470232577,10,,boxer,59,222
667902449697558528,9,,Norwegian_elkhound,396,905
667886921285246976,11,,Pomeranian,1180,2011
667885044254572545,10,,malamute,530,868
667878741721415682,2,,miniature_pinscher,127,409
667861340749471744,9,,malamute,86,253
667832474953625600,12,,miniature_pinscher,68,303
667806454573760512,10,,Chihuahua,535,1111
667801013445750784,12,,flat-coated_retriever,101,346
667793409583771648,8,,dalmatian,358,736
667773195014021121,8,,West_Highland_white_terrier,61,243
667728196545200128,11,,kuvasz,162,398
667546741521195010,9,,toy_poodle,138,355
667544320556335104,10,,Pomeranian,568,917
667538891197542400,9,,Yorkshire_terrier,72,220
667534815156183040,8,,Pembroke,576,866
667530908589760512,10,,golden_retriever,264,501
667524857454854144,12,,Chesapeake_Bay_retriever,1198,1798
667517642048163840,8,,Italian_greyhound,203,389
667509364010450944,12,,beagle,2272,7148
667502640335572993,11,,Labrador_retriever,231,563
667495797102141441,9,,Chihuahua,294,565
667491009379606528,7,,borzoi,242,559
667470559035432960,11,,toy_poodle,102,273
667455448082227200,7,,Tibetan_terrier,66,203
667453023279554560,11,,Labrador_retriever,96,327
667435689202614272,12,,Rottweiler,89,326
667405339315146752,7,,Saint_Bernard,234,489
667393430834667520,8,,papillon,60,211
667211855547486208,9,,golden_retriever,258,516
667200525029539841,11,,Siberian_husky,282,658
667192066997374976,12,,Rottweiler,115,414
667182792070062081,10,,golden_retriever,6618,15075
667177989038297088,8,,vizsla,58,200
667176164155375616,4,,soft-coated_wheaten_terrier,484,640
667174963120574464,9,,toy_poodle,88,262
667171260800061440,10,,giant_schnauzer,97,235
667165590075940865,10,,miniature_pinscher,1241,2819
667160273090932737,11,,golden_retriever,66,268
667152164079423490,12,,toy_poodle,18285,49720
667138269671505920,10,,West_Highland_white_terrier,2387,4851
667119796878725120,10,,Pembroke,135,346
667090893657276420,7,,Chihuahua,132,349
667073648344346624,10,,Chihuahua,134,425
667062181243039745,10,,Chesapeake_Bay_retriever,57,227
667044094246576128,12,,golden_retriever,54,198
666996132027977728,10,,Rottweiler,102,258
666835007768551424,10,,Airedale,83,222
666826780179869698,12,,Maltese_dog,105,266
666817836334096384,9,,miniature_schnauzer,267,540
666804364988780544,8,,English_setter,95,250
666781792255496192,10,,Italian_greyhound,211,404
666776908487630848,5,,miniature_pinscher,186,368
666739327293083650,10,,miniature_poodle,71,244
666701168228331520,8,,Labrador_retriever,234,449
666691418707132416,8,,German_shepherd,51,196
666644823164719104,9,,Ibizan_hound,88,238
666454714377183233,10,,dalmatian,223,545
666447344410484738,9,,curly-coated_retriever,23,107
666437273139982337,7,,Chihuahua,52,131
666435652385423360,10,,Chesapeake_Bay_retriever,54,170
666428276349472768,7,,Pembroke,90,171
666421158376562688,12,,Blenheim_spaniel,118,327
666418789513326592,10,,toy_terrier,48,129
666407126856765440,7,,black-and-tan_coonhound,44,113
666396247373291520,9,,Chihuahua,92,172
666373753744588802,11,,soft-coated_wheaten_terrier,100,194
666353288456101888,8,,malamute,77,229
666345417576210432,10,,golden_retriever,146,307
666337882303524864,9,,Newfoundland,96,204
666287406224695296,9,,Maltese_dog,71,152
666273097616637952,11,,Italian_greyhound,82,184
666102155909144576,11,,English_setter,16,81
666099513787052032,8,,Lhasa,73,164
666094000022159362,9,,bloodhound,79,169
666082916733198337,6,,pug,47,121
666073100786774016,10,,Walker_hound,174,335
666071193221509120,9,,Gordon_setter,67,154
666063827256086533,10,,golden_retriever,232,496
666058600524156928,8,,miniature_poodle,61,115
666057090499244032,9,,golden_retriever,146,304
666055525042405380,10,,chow,261,448
666050758794694657,10,,Bernese_mountain_dog,60,136
666049248165822465,5,,miniature_pinscher,41,111
666044226329800704,6,,Rhodesian_ridgeback,147,311
666033412701032449,9,,German_shepherd,47,128
666029285002620928,7,,redbone,48,132
666020888022790149,8,,Welsh_springer_spaniel,532,2535
